Workbook

Sheet Info
A1: YAM415 Game Programming – Project Plan Template
A2: Version 2026.1 · Fill in the white cells; grey cells are calculated by formulas.
A4: Group Code | B4: G01 | D4: e.g. G07 (from the group list on OYS)
A5: Group Name | B5: Aggro Games
A6: Name of the Game | B6: Hold the Door
A7: Date Prepared | B7: 27.10.2026 | D7: DD.MM.YYYY
A8: Plan Version | B8: 1.0 | D8: e.g. 1.0
A10: No | B10: Name Surname | C10: Student ID | D10: Role(s) | E10: Signature
A11: 1 | B11: Emir KAYA | C11: 030722013 | D11: Lead Programmer
A12: 2 | B12: Ömer Faruk YÜCE | C12: 030722017 | D12: Lead Game Designer
A13: 3 | B13: Metehan GERGİN | C13: 0307221017 | D13: Level & Audio Designer
A14: 4
A16: How to fill in
A17: 1. | B17: Write the group details and members on this sheet; member names are copied to the column headings on the Plan and Summary sheets automatically.
A18: 2. | B18: Adapt the tasks on the Plan sheet to your game. To add a task, insert the row above the last task of the work package so that the subtotal formulas include the new row.
A19: 3. | B19: For each task, write the responsible members, the start and end week (1–14) and each member’s effort in person-months. The Gantt bars are drawn from the weeks automatically.
A20: 4. | B20: The plan is submitted in week 8 (midterm). Enter the work done so far (project proposal, concept document) with the weeks in which it was done, and plan the remaining work, including the final report, in weeks 8–14. In the Gantt chart, weeks 1–7 are blue (past weeks) and week 8 is yellow (plan submission).
A21: 5. | B21: 1 person-month ≈ 160 hours (4 weeks × 40 hours). For example, write 0.125 person-months for a task on which a member works 20 hours.
A22: 6. | B22: Work package subtotals, the cumulative total, the project total and the member shares are calculated automatically; do not edit the grey cells. If the end week is before the start week, the cell turns red.
A23: 7. | B23: Save the whole workbook as PDF (File > Export > Create PDF/XPS Document > Options > Entire workbook) and name it like YAM415_G07_ProjectPlan.pdf.
A24: 8. | B24: All group members sign the printout.

Sheet Plan
A1: ="YAM415 Game Programming – Project Plan · Group: "&IF(Info!B4="","G__",Info!B4)&IF(Info!B6="",""," · "&Info!B6) -> YAM415 Game Programming – Project Plan · Group: G__
A2: Effort in person-months (1 person-month ≈ 160 hours) · Weeks 1–14: 1–7 blue (past weeks), 8 yellow (plan submission) · Grey cells are calculated.
A4: WP No | B4: Work Package / Task | C4: Responsible | D4: Week | F4: Effort (person-months) | J4: Total (person-months) | K4: Cumulative (person-months) | L4: Weeks
D5: Start | E5: End | F5: =IF(Info!B11="","Member 1",Info!B11) -> Member 1 | G5: =IF(Info!B12="","Member 2",Info!B12) -> Member 2 | H5: =IF(Info!B13="","Member 3",Info!B13) -> Member 3 | I5: =IF(Info!B14="","Member 4",Info!B14) -> Member 4 | L5: 1 | M5: 2 | N5: 3 | O5: 4 | P5: 5 | Q5: 6 | R5: 7 | S5: 8 | T5: 9 | U5: 10 | V5: 11 | W5: 12 | X5: 13 | Y5: 14
A6: WP1 | B6: Project Management and Planning | D6: =IF(COUNT(D7:D9)=0,"",MIN(D7:D9)) | E6: =IF(COUNT(E7:E9)=0,"",MAX(E7:E9)) | F6: =SUM(F7:F9) -> 0 | G6: =SUM(G7:G9) -> 0 | H6: =SUM(H7:H9) -> 0 | I6: =SUM(I7:I9) -> 0 | J6: =SUM(F6:I6) -> 0 | K6: =J6 -> 0
A7: 1.1 | B7: Project proposal and concept document | C7: EK, OFY, MG | D7: 1 | E7: 8 | F7: 0.075 | G7: 0.075 | H7: 0.075 | I7: 0 | J7: =IF(COUNT(F7:I7)=0,"",SUM(F7:I7))
A8: 1.2 | B8: Project plan and task assignment | C8: EK, OFY, MG | D8: 4 | E8: 8 | F8: 0.05 | G8: 0.05 | H8: 0.05 | I8: 0 | J8: =IF(COUNT(F8:I8)=0,"",SUM(F8:I8))
A9: 1.3 | B9: Weekly progress meetings and version control | C9: EK, OFY, MG | D9: 1 | E9: 14 | F9: 0.05 | G9: 0.05 | H9: 0.05 | I9: 0 | J9: =IF(COUNT(F9:I9)=0,"",SUM(F9:I9))
A10: WP2 | B10: Game Design | D10: =IF(COUNT(D11:D13)=0,"",MIN(D11:D13)) | E10: =IF(COUNT(E11:E13)=0,"",MAX(E11:E13)) | F10: =SUM(F11:F13) -> 0 | G10: =SUM(G11:G13) -> 0 | H10: =SUM(H11:H13) -> 0 | I10: =SUM(I11:I13) -> 0 | J10: =SUM(F10:I10) -> 0 | K10: =K6+J10 -> 0
A11: 2.1 | B11: Game mechanics and rules | C11: OFY | D11: 5 | E11: 11 | F11: 0 | G11: 0.125 | H11: 0 | I11: 0 | J11: =IF(COUNT(F11:I11)=0,"",SUM(F11:I11))
A12: 2.2 | B12: Level design | C12: MG | D12: 7 | E12: 12 | F12: 0 | G12: 0 | H12: 0.125 | I12: 0 | J12: =IF(COUNT(F12:I12)=0,"",SUM(F12:I12))
A13: 2.3 | B13: UI and information screens (HUD) design | C13: OFY | D13: 6 | E13: 11 | F13: 0 | G13: 0.1 | H13: 0 | I13: 0 | J13: =IF(COUNT(F13:I13)=0,"",SUM(F13:I13))
A14: WP3 | B14: Programming | D14: =IF(COUNT(D15:D17)=0,"",MIN(D15:D17)) | E14: =IF(COUNT(E15:E17)=0,"",MAX(E15:E17)) | F14: =SUM(F15:F17) -> 0 | G14: =SUM(G15:G17) -> 0 | H14: =SUM(H15:H17) -> 0 | I14: =SUM(I15:I17) -> 0 | J14: =SUM(F14:I14) -> 0 | K14: =K10+J14 -> 0
A15: 3.1 | B15: Player control and camera | C15: EK | D15: 7 | E15: 10 | F15: 0.125 | G15: 0 | H15: 0 | I15: 0 | J15: =IF(COUNT(F15:I15)=0,"",SUM(F15:I15))
A16: 3.2 | B16: Game logic, enemies and AI | C16: EK | D16: 8 | E16: 12 | F16: 0.2 | G16: 0 | H16: 0 | I16: 0 | J16: =IF(COUNT(F16:I16)=0,"",SUM(F16:I16))
A17: 3.3 | B17: Menu system, saving and settings | C17: EK, OFY | D17: 9 | E17: 13 | F17: 0.075 | G17: 0.05 | H17: 0 | I17: 0 | J17: =IF(COUNT(F17:I17)=0,"",SUM(F17:I17))
A18: WP4 | B18: Visual and Audio Content | D18: =IF(COUNT(D19:D20)=0,"",MIN(D19:D20)) | E18: =IF(COUNT(E19:E20)=0,"",MAX(E19:E20)) | F18: =SUM(F19:F20) -> 0 | G18: =SUM(G19:G20) -> 0 | H18: =SUM(H19:H20) -> 0 | I18: =SUM(I19:I20) -> 0 | J18: =SUM(F18:I18) -> 0 | K18: =K14+J18 -> 0
A19: 4.1 | B19: Models, textures and animations | C19: MG | D19: 7 | E19: 12 | F19: 0 | G19: 0 | H19: 0.15 | I19: 0 | J19: =IF(COUNT(F19:I19)=0,"",SUM(F19:I19))
A20: 4.2 | B20: Sound effects and music | C20: MG | D20: 8 | E20: 13 | F20: 0 | G20: 0 | H20: 0.075 | I20: 0 | J20: =IF(COUNT(F20:I20)=0,"",SUM(F20:I20))
A21: WP5 | B21: Testing and Build | D21: =IF(COUNT(D22:D23)=0,"",MIN(D22:D23)) | E21: =IF(COUNT(E22:E23)=0,"",MAX(E22:E23)) | F21: =SUM(F22:F23) -> 0 | G21: =SUM(G22:G23) -> 0 | H21: =SUM(H22:H23) -> 0 | I21: =SUM(I22:I23) -> 0 | J21: =SUM(F21:I21) -> 0 | K21: =K18+J21 -> 0
A22: 5.1 | B22: Playtesting and bug fixing | C22: EK, OFY, MG | D22: 10 | E22: 14 | F22: 0.05 | G22: 0.05 | H22: 0.05 | I22: 0 | J22: =IF(COUNT(F22:I22)=0,"",SUM(F22:I22))
A23: 5.2 | B23: Windows (or Android) build | C23: EK | D23: 12 | E23: 14 | F23: 0.075 | G23: 0 | H23: 0 | I23: 0 | J23: =IF(COUNT(F23:I23)=0,"",SUM(F23:I23))
A24: WP6 | B24: Documentation and Promotion | D24: =IF(COUNT(D25:D27)=0,"",MIN(D25:D27)) | E24: =IF(COUNT(E25:E27)=0,"",MAX(E25:E27)) | F24: =SUM(F25:F27) -> 0 | G24: =SUM(G25:G27) -> 0 | H24: =SUM(H25:H27) -> 0 | I24: =SUM(I25:I27) -> 0 | J24: =SUM(F24:I24) -> 0 | K24: =K21+J24 -> 0
A25: 6.1 | B25: Game document (final report) | C25: EK, OFY, MG | D25: 11 | E25: 14 | F25: 0.05 | G25: 0.05 | H25: 0.05 | I25: 0 | J25: =IF(COUNT(F25:I25)=0,"",SUM(F25:I25))
A26: 6.2 | B26: Presentation and gameplay video | C26: MG | D26: 13 | E26: 14 | F26: 0 | G26: 0 | H26: 0.05 | I26: 0 | J26: =IF(COUNT(F26:I26)=0,"",SUM(F26:I26))
A27: 6.3 | B27: Promotional products (cover, poster, website, trailer) | C27: OFY | D27: 13 | E27: 14 | F27: 0 | G27: 0.05 | H27: 0 | I27: 0 | J27: =IF(COUNT(F27:I27)=0,"",SUM(F27:I27))
B28: Project Total | F28: =F6+F10+F14+F18+F21+F24 -> 0 | G28: =G6+G10+G14+G18+G21+G24 -> 0 | H28: =H6+H10+H14+H18+H21+H24 -> 0 | I28: =I6+I10+I14+I18+I21+I24 -> 0 | J28: =SUM(F28:I28) -> 0
B29: Member Share | F29: =IF($J$28=0,"",F28/$J$28) | G29: =IF($J$28=0,"",G28/$J$28) | H29: =IF($J$28=0,"",H28/$J$28) | I29: =IF($J$28=0,"",I28/$J$28)
B31: Signatures of the group members
B32: =IF(Info!B11="","Member 1",Info!B11) -> Member 1
B33: =IF(Info!B12="","Member 2",Info!B12) -> Member 2
B34: =IF(Info!B13="","Member 3",Info!B13) -> Member 3
B35: =IF(Info!B14="","Member 4",Info!B14) -> Member 4

Sheet Summary
A1: Effort by work package (person-months)
A3: WP No | B3: Work Package | C3: =Plan!F5 -> Member 1 | D3: =Plan!G5 -> Member 2 | E3: =Plan!H5 -> Member 3 | F3: =Plan!I5 -> Member 4 | G3: Total | H3: Cumulative
A4: =Plan!A6 -> WP1 | B4: =Plan!B6 -> Project Management and Planning | C4: =Plan!F6 -> 0 | D4: =Plan!G6 -> 0 | E4: =Plan!H6 -> 0 | F4: =Plan!I6 -> 0 | G4: =Plan!J6 -> 0 | H4: =Plan!K6 -> 0
A5: =Plan!A10 -> WP2 | B5: =Plan!B10 -> Game Design | C5: =Plan!F10 -> 0 | D5: =Plan!G10 -> 0 | E5: =Plan!H10 -> 0 | F5: =Plan!I10 -> 0 | G5: =Plan!J10 -> 0 | H5: =Plan!K10 -> 0
A6: =Plan!A14 -> WP3 | B6: =Plan!B14 -> Programming | C6: =Plan!F14 -> 0 | D6: =Plan!G14 -> 0 | E6: =Plan!H14 -> 0 | F6: =Plan!I14 -> 0 | G6: =Plan!J14 -> 0 | H6: =Plan!K14 -> 0
A7: =Plan!A18 -> WP4 | B7: =Plan!B18 -> Visual and Audio Content | C7: =Plan!F18 -> 0 | D7: =Plan!G18 -> 0 | E7: =Plan!H18 -> 0 | F7: =Plan!I18 -> 0 | G7: =Plan!J18 -> 0 | H7: =Plan!K18 -> 0
A8: =Plan!A21 -> WP5 | B8: =Plan!B21 -> Testing and Build | C8: =Plan!F21 -> 0 | D8: =Plan!G21 -> 0 | E8: =Plan!H21 -> 0 | F8: =Plan!I21 -> 0 | G8: =Plan!J21 -> 0 | H8: =Plan!K21 -> 0
A9: =Plan!A24 -> WP6 | B9: =Plan!B24 -> Documentation and Promotion | C9: =Plan!F24 -> 0 | D9: =Plan!G24 -> 0 | E9: =Plan!H24 -> 0 | F9: =Plan!I24 -> 0 | G9: =Plan!J24 -> 0 | H9: =Plan!K24 -> 0
B10: Project Total | C10: =SUM(C4:C9) -> 0 | D10: =SUM(D4:D9) -> 0 | E10: =SUM(E4:E9) -> 0 | F10: =SUM(F4:F9) -> 0 | G10: =SUM(G4:G9) -> 0
